Model Name,OP Type,Core Type,Count,Total Time(us),Min Time(us),Avg Time(us),Max Time(us),Ratio(%)
0,TransData,AI Core,1,6.12,6.12,6.12,6.12,68.764045
0,AtomicAddrClean,AI Core,1,2.78,2.78,2.78,2.78,31.235955
1,TransData,AI Core,4,6.11,1.38,1.527,1.88,100.0
10,TransData,AI Core,40,199.68,4.06,4.992,6.06,79.94555
10,AtomicAddrClean,AI Core,40,50.09,1.23,1.252,1.81,20.05445
100,DepthwiseConv2D,AI Core,8,7606.28,0.01,950.785,1542.03,97.865841
100,TransposeD,AI Core,8,139.83,0.01,17.478,61.51,1.799116
100,TransData,AI Core,7,26.04,0.89,3.72,5.53,0.335042
101,Add,AI Core,21,576.34,0.0,27.444,60.04,100.0
102,MaxPoolWithArgmaxV1,AI Core,8,2716.14,1.34,339.517,606.63,100.0
103,AvgPool,AI Core,4,299.66,0.01,74.915,131.96,100.0
104,DepthwiseConv2D,AI Core,4,2077.9,0.0,519.475,1030.32,89.357438
104,TransData,AI Core,7,225.33,1.38,32.19,90.11,9.690029
104,TransposeD,AI Core,4,22.15,4.23,5.537,7.24,0.952532
105,AvgPool,AI Core,4,132.77,0.01,33.192,66.39,100.0
106,DepthwiseConv2D,AI Core,8,3947.17,0.01,493.396,978.2,92.1018
106,TransposeD,AI Core,8,300.35,0.01,37.543,245.34,7.008255
106,TransData,AI Core,7,38.14,1.32,5.448,20.44,0.889945
107,TransData,AI Core,16,366.36,0.0,22.897,51.56,71.374856
107,ConcatD,AI Core,4,146.93,1.39,36.732,65.69,28.625144
108,TransData,AI Core,16,1049.58,0.01,65.598,219.52,62.134371
108,AvgPool,AI Core,7,639.63,1.32,91.375,223.86,37.865629
109,TransData,AI Core,8,157.71,1.32,19.713,38.78,58.733055
109,Conv2D,AI Core,7,110.81,1.38,15.83,25.86,41.266945
11,TransData,AI Core,7,39.54,5.28,5.648,5.97,77.407987
11,AtomicAddrClean,AI Core,7,11.54,1.54,1.648,1.87,22.592013
110,TransData,AI Core,8,416.82,0.01,52.102,255.48,84.190753
110,ConcatD,AI Core,4,78.27,1.7,19.567,28.65,15.809247
111,TransData,AI Core,12,348.52,0.01,29.043,222.89,72.341574
111,BNTrainingReduce,AI Core,3,88.37,0.88,29.456,43.88,18.342778
111,AtomicAddrClean,AI Core,4,44.88,1.29,11.22,40.85,9.315649
112,TransData,AI Core,30,908.91,0.0,30.297,476.8,90.269046
112,BNTrainingUpdate,AI Core,4,97.98,1.29,24.495,47.53,9.730954
113,Relu,AI Core,7,456.05,1.15,65.15,113.45,100.0
114,TransData,AI Core,8,332.94,1.07,41.617,100.52,53.93313
114,Conv2D,AI Core,7,284.38,1.07,40.625,61.46,46.06687
115,BNTrainingReduce,AI Core,150,8396.43,0.01,55.976,1029.0,59.317223
115,AtomicAddrClean,AI Core,150,5758.7,0.0,38.391,682.45,40.682777
116,BNTrainingUpdate,AI Core,149,8573.04,0.0,57.537,1031.12,100.0
117,Relu,AI Core,115,6862.15,0.0,59.67,1429.46,100.0
118,DepthwiseConv2D,AI Core,48,49203.72,0.01,1025.077,1664.16,93.88439
118,TransData,AI Core,47,2054.17,0.0,43.705,1034.57,3.919511
118,TransposeD,AI Core,46,1150.95,1.08,25.02,263.51,2.196099
119,Conv2D,AI Core,128,6953.39,0.0,54.323,1113.07,100.0
12,TransData,AI Core,2,15.97,7.44,7.985,8.53,79.452736
12,AtomicAddrClean,AI Core,2,4.13,1.83,2.065,2.3,20.547264
120,Relu,AI Core,12,368.3,0.0,30.691,67.48,100.0
121,DepthwiseConv2D,AI Core,8,5040.59,0.0,630.073,1261.06,95.411328
121,TransData,AI Core,15,168.67,0.98,11.244,36.56,3.192688
121,TransposeD,AI Core,8,73.75,1.07,9.218,40.81,1.395984
122,DepthwiseConv2D,AI Core,68,63766.35,0.87,937.74,1393.41,93.602875
122,TransposeD,AI Core,70,2633.33,0.0,37.619,1032.78,3.865475
122,TransData,AI Core,70,1724.67,0.84,24.638,440.57,2.53165
123,Add,AI Core,56,3646.82,0.01,65.121,849.63,100.0
124,DepthwiseConv2D,AI Core,4,3155.66,1.19,788.915,1577.66,89.052627
124,TransData,AI Core,8,340.83,1.07,42.603,255.08,9.618212
124,TransposeD,AI Core,4,47.1,1.13,11.775,31.66,1.329161
125,AvgPool,AI Core,31,2638.63,0.0,85.117,327.54,100.0
126,TransData,AI Core,4,284.67,1.07,71.167,177.21,67.64007
126,Add,AI Core,4,136.19,1.19,34.047,47.25,32.35993
127,TransData,AI Core,15,2681.78,0.0,178.785,1542.17,58.919242
127,AvgPool,AI Core,8,1869.84,1.08,233.73,1533.88,41.080758
128,Add,AI Core,30,1142.37,0.01,38.079,211.29,100.0
129,ConcatD,AI Core,4,639.34,1.05,159.835,319.42,54.542352
129,TransData,AI Core,15,532.85,0.0,35.523,61.73,45.457648
13,TransData,AI Core,240,2815.41,10.77,11.73,13.2,100.0
130,Relu,AI Core,24,5275.57,0.85,219.815,320.97,100.0
131,TransData,AI Core,15,3263.23,0.85,217.548,324.39,58.706497
131,Conv2D,AI Core,15,2295.32,1.03,153.021,223.87,41.293503
132,TransData,AI Core,54,4626.71,1.09,85.679,1113.04,69.135653
132,ConcatD,AI Core,9,2065.51,2.92,229.501,319.54,30.864347
133,TransData,AI Core,6,1279.85,1.02,213.308,323.23,59.951752
133,Conv2D,AI Core,6,854.95,10.52,142.491,203.71,40.048248
134,BNTrainingReduce,AI Core,6,326.76,1.64,54.46,79.89,92.292049
134,AtomicAddrClean,AI Core,6,27.29,1.38,4.548,16.81,7.707951
135,BNTrainingUpdate,AI Core,6,509.07,5.53,84.845,115.97,100.0
136,Relu,AI Core,12,1027.04,1.35,85.586,166.25,100.0
137,DepthwiseConv2D,AI Core,6,837.81,0.77,139.635,196.35,88.217456
137,TransposeD,AI Core,6,85.81,5.28,14.301,40.73,9.03539
137,TransData,AI Core,6,26.09,0.88,4.348,5.52,2.747154
138,Conv2D,AI Core,149,5131.69,0.85,34.44,706.24,100.0
139,AtomicAddrClean,AI Core,170,9215.17,0.81,54.206,3614.16,53.370411
139,BNTrainingReduce,AI Core,168,8051.27,0.0,47.924,3612.34,46.629589
14,TransData,AI Core,50,333.57,6.16,6.671,7.19,81.56344
14,AtomicAddrClean,AI Core,50,75.4,1.44,1.508,1.72,18.43656
140,BNTrainingUpdate,AI Core,171,5115.97,0.0,29.917,328.34,100.0
141,Relu,AI Core,129,5293.41,0.76,41.034,709.84,100.0
142,DepthwiseConv2D,AI Core,51,11564.36,0.95,226.752,3607.73,65.157601
142,TransposeD,AI Core,51,5218.77,0.01,102.328,3605.71,29.404354
142,TransData,AI Core,51,965.16,1.02,18.924,292.01,5.438045
143,DepthwiseConv2D,AI Core,6,1525.68,76.82,254.28,307.28,75.611062
143,TransposeD,AI Core,6,404.02,0.92,67.336,332.43,20.022797
143,TransData,AI Core,6,88.1,2.13,14.683,51.52,4.366141
144,DepthwiseConv2D,AI Core,6,1349.59,3.36,224.931,327.47,72.96856
144,TransData,AI Core,6,250.96,4.87,41.826,212.44,13.568706
144,TransposeD,AI Core,6,249.0,2.29,41.5,175.77,13.462734
145,Add,AI Core,72,2836.34,1.02,39.393,709.61,100.0
146,MaxPoolWithArgmaxV1,AI Core,6,1518.43,1.73,253.071,378.75,100.0
147,AvgPool,AI Core,3,298.76,61.36,99.586,119.45,100.0
148,AvgPool,AI Core,33,4781.18,1.09,144.884,3604.43,100.0
149,DepthwiseConv2D,AI Core,72,33296.74,0.01,462.454,695.18,81.675277
149,TransData,AI Core,71,4816.91,0.8,67.843,3611.61,11.815645
149,TransposeD,AI Core,72,2653.57,0.01,36.855,708.97,6.509078
15,TransData,AI Core,2,17.33,8.35,8.665,8.98,81.285178
15,AtomicAddrClean,AI Core,2,3.99,1.64,1.995,2.35,18.714822
150,TransData,AI Core,12,2790.76,2.22,232.563,709.74,93.663494
150,ConcatD,AI Core,3,188.8,60.64,62.933,65.37,6.336506
151,TransData,AI Core,12,4256.86,1.05,354.738,726.8,88.330708
151,AvgPool,AI Core,6,562.37,0.8,93.728,123.45,11.669292
152,TransData,AI Core,6,2092.6,0.97,348.766,521.32,91.715535
152,Conv2D,AI Core,6,189.02,3.78,31.503,44.81,8.284465
153,ConcatD,AI Core,3,744.55,17.64,248.183,708.91,57.27572
153,TransData,AI Core,6,555.39,3.58,92.565,128.75,42.72428
154,TransData,AI Core,9,453.71,1.24,50.412,166.38,71.905607
154,BNTrainingReduce,AI Core,3,114.96,23.59,38.32,67.76,18.219278
154,AtomicAddrClean,AI Core,3,62.31,1.35,20.77,59.61,9.875115
155,TransData,AI Core,24,1222.81,1.02,50.95,257.44,95.405321
155,BNTrainingUpdate,AI Core,3,58.89,0.83,19.63,29.2,4.594679
156,Relu,AI Core,6,514.09,1.48,85.681,110.5,100.0
157,TransData,AI Core,6,3125.12,1.01,520.853,942.89,90.458644
157,Conv2D,AI Core,6,329.63,1.48,54.938,80.93,9.541356
158,Relu,AI Core,9,325.54,1.44,36.171,75.91,100.0
159,TransposeD,AI Core,6,3668.29,4.21,611.381,3604.28,50.244216
159,DepthwiseConv2D,AI Core,6,2738.14,5.82,456.356,674.67,37.504041
159,TransData,AI Core,12,894.49,1.06,74.54,167.28,12.251744
16,TransData,AI Core,7,78.86,10.83,11.265,11.71,85.866725
16,AtomicAddrClean,AI Core,7,12.98,1.75,1.854,2.03,14.133275
160,DepthwiseConv2D,AI Core,3,1088.83,189.61,362.943,709.57,71.8491
160,TransData,AI Core,6,402.71,3.81,67.118,167.58,26.5738
160,TransposeD,AI Core,3,23.9,3.47,7.966,10.34,1.5771
161,TransData,AI Core,3,589.2,65.05,196.4,262.09,89.334991
161,Add,AI Core,3,70.34,19.95,23.446,30.29,10.665009
162,TransData,AI Core,12,1115.66,1.05,92.971,245.41,82.24306
162,AvgPool,AI Core,6,240.88,29.52,40.146,75.75,17.75694
163,Add,AI Core,28,619.72,0.01,22.132,168.08,100.0
164,TransData,AI Core,12,2140.8,1.06,178.4,260.75,86.442485
164,ConcatD,AI Core,3,335.76,46.67,111.92,145.34,13.557515
165,Relu,AI Core,24,7151.1,1.2,297.962,3617.11,100.0
166,TransData,AI Core,15,13977.0,2.32,931.8,1468.48,90.652488
166,Conv2D,AI Core,15,1441.22,1.06,96.081,124.49,9.347512
167,TransData,AI Core,53,9925.14,1.05,187.266,262.55,90.3752
167,ConcatD,AI Core,9,1057.01,0.01,117.445,155.46,9.6248
168,TransData,AI Core,6,5504.03,3.07,917.338,1400.49,88.727165
168,Conv2D,AI Core,6,699.29,1.32,116.548,173.89,11.272835
169,BNTrainingReduce,AI Core,6,168.38,1.07,28.063,40.71,65.19029
169,AtomicAddrClean,AI Core,6,89.91,1.36,14.985,76.95,34.80971
17,TransData,AI Core,2,36.78,17.88,18.39,18.9,88.243762
17,AtomicAddrClean,AI Core,2,4.9,1.93,2.45,2.97,11.756238
170,BNTrainingUpdate,AI Core,6,342.52,1.02,57.086,127.36,100.0
171,Relu,AI Core,12,4070.08,0.93,339.173,3602.33,100.0
172,DepthwiseConv2D,AI Core,5,456.42,59.91,91.284,99.22,72.626303
172,TransposeD,AI Core,6,109.95,5.74,18.325,34.3,17.495425
172,TransData,AI Core,6,62.08,3.94,10.346,37.19,9.878272
173,Conv2D,AI Core,149,10456.7,0.0,70.179,2655.23,100.0
174,BNTrainingReduce,AI Core,171,36818.49,0.01,215.312,24329.16,79.152313
174,AtomicAddrClean,AI Core,170,9697.51,0.85,57.044,3716.17,20.847687
175,BNTrainingUpdate,AI Core,170,8598.69,0.86,50.58,2265.1,100.0
176,Relu,AI Core,128,4324.02,0.01,33.781,918.9,100.0
177,TransposeD,AI Core,51,5566.89,0.92,109.154,4430.79,54.827787
177,DepthwiseConv2D,AI Core,51,3612.95,0.01,70.842,100.6,35.583612
177,TransData,AI Core,50,973.57,0.85,19.471,329.01,9.588601
178,DepthwiseConv2D,AI Core,6,1444.32,45.68,240.72,710.08,88.704913
178,TransposeD,AI Core,6,101.86,1.06,16.976,24.88,6.255873
178,TransData,AI Core,6,82.05,1.0,13.675,52.67,5.039214
179,DepthwiseConv2D,AI Core,6,591.89,1.52,98.648,129.68,69.561283
179,TransposeD,AI Core,6,195.25,23.62,32.541,58.99,22.946562
179,TransData,AI Core,6,63.75,1.27,10.625,34.34,7.492155
18,TransData,AI Core,240,642.05,2.5,2.675,2.93,100.0
180,Add,AI Core,125,4015.59,0.0,32.124,1290.45,100.0
181,MaxPoolWithArgmaxV1,AI Core,6,1040.58,1.06,173.43,260.56,100.0
182,AvgPool,AI Core,3,186.65,3.23,62.216,92.35,100.0
183,AvgPool,AI Core,33,1544.08,1.46,46.79,211.07,100.0
184,DepthwiseConv2D,AI Core,71,37459.54,0.88,527.599,24092.02,76.821598
184,TransData,AI Core,72,9708.37,0.88,134.838,6295.18,19.909815
184,TransposeD,AI Core,72,1593.82,0.0,22.136,165.1,3.268588
185,ConcatD,AI Core,3,149.09,28.72,49.696,85.26,100.0
186,TransData,AI Core,12,10988.16,1.29,915.68,1538.65,93.563395
186,AvgPool,AI Core,6,755.92,52.35,125.986,157.4,6.436605
187,TransData,AI Core,6,4225.16,1.02,704.193,878.24,96.405852
187,Conv2D,AI Core,6,157.52,2.32,26.253,38.01,3.594148
188,TransData,AI Core,6,1265.32,4.33,210.886,317.47,67.903832
188,ConcatD,AI Core,3,598.08,48.61,199.36,275.23,32.096168
189,TransData,AI Core,9,715.45,1.19,79.494,295.95,89.730726
189,AtomicAddrClean,AI Core,3,49.55,1.37,16.516,46.81,6.214491
189,BNTrainingReduce,AI Core,3,32.33,1.53,10.776,15.48,4.054783
19,TransData,AI Core,50,533.56,10.2,10.671,11.17,86.947169
19,AtomicAddrClean,AI Core,50,80.1,1.55,1.602,1.97,13.052831
190,TransData,AI Core,24,1928.86,1.03,80.369,546.06,95.060347
190,BNTrainingUpdate,AI Core,3,100.23,26.42,33.41,47.18,4.939653
191,Relu,AI Core,6,314.57,5.34,52.428,76.23,100.0
192,Conv2D,AI Core,6,448.26,36.77,74.71,127.36,100.0
193,Relu,AI Core,9,179.48,1.33,19.942,76.8,100.0
194,DepthwiseConv2D,AI Core,6,4339.32,46.08,723.22,3598.4,74.392849
194,TransData,AI Core,12,1410.42,1.07,117.535,295.52,24.180093
194,TransposeD,AI Core,6,83.24,5.22,13.873,47.47,1.427058
195,TransData,AI Core,6,657.47,4.59,109.578,295.37,69.561767
195,DepthwiseConv2D,AI Core,3,249.45,62.66,83.15,93.43,26.392357
195,TransposeD,AI Core,3,38.24,3.47,12.746,17.45,4.045876
196,TransData,AI Core,3,799.24,59.68,266.413,370.55,92.516408
196,Add,AI Core,3,64.65,15.67,21.55,31.63,7.483592
197,TransData,AI Core,12,3873.95,1.22,322.829,631.16,96.557388
197,AvgPool,AI Core,6,138.12,1.07,23.02,30.38,3.442612
198,Add,AI Core,19,226.75,0.01,11.934,45.72,100.0
199,TransData,AI Core,12,4472.56,7.56,372.713,545.83,97.231679
199,ConcatD,AI Core,3,127.34,23.05,42.446,53.1,2.768321
2,TransData,AI Core,6,25.9,4.1,4.316,4.47,77.498504
2,AtomicAddrClean,AI Core,6,7.52,1.21,1.253,1.31,22.501496
20,TransData,AI Core,2,37.29,18.63,18.645,18.66,87.22807
20,AtomicAddrClean,AI Core,2,5.46,2.32,2.73,3.14,12.77193
200,Relu,AI Core,6,305.67,0.0,50.945,82.38,100.0
201,TransData,AI Core,6,7165.39,0.84,1194.231,1752.5,91.703024
201,Conv2D,AI Core,6,648.3,0.83,108.05,228.54,8.296976
202,ConcatD,AI Core,9,322.68,0.85,35.853,54.09,100.0
203,Relu,AI Core,12,1786.83,0.83,148.902,915.91,100.0
204,Conv2D,AI Core,9,1064.31,4.74,118.256,233.5,100.0
206,AvgPool,AI Core,3,1164.35,121.13,388.116,921.84,100.0
207,TransData,AI Core,3,72.68,3.93,24.226,64.71,100.0
208,DropOutDoMask,AI Core,3,13.99,1.61,4.663,6.22,100.0
209,PtMuls,AI Core,3,10.68,0.93,3.56,5.16,100.0
21,TransData,AI Core,5,125.04,24.73,25.008,25.27,89.085209
21,AtomicAddrClean,AI Core,5,15.32,2.5,3.064,3.5,10.914791
210,MatMul,AI Core,3,175.21,17.71,58.403,139.58,57.97816
210,TransData,AI Core,3,126.99,4.28,42.33,118.34,42.02184
211,Add,AI Core,3,153.44,33.06,51.146,87.23,90.429043
211,TransData,AI Core,3,16.24,1.53,5.413,7.36,9.570957
212,Cast,AI Core,3,11.23,1.44,3.743,4.96,100.0
213,LogSoftmaxV2,AI Core,3,38.82,1.1,12.94,18.95,100.0
214,OnesLike,AI Core,6,11.59,0.95,1.931,4.16,100.0
215,NLLLoss,AI Core,3,639.19,8.78,213.063,620.42,98.698311
215,AtomicAddrClean,AI Core,3,8.43,1.39,2.81,5.07,1.301689
216,Cast,AI Core,3,6.74,2.15,2.246,2.31,100.0
217,Cast,AI Core,23,26.71,0.01,1.161,1.6,100.0
218,Cast,AI Core,12,14.98,0.0,1.248,1.73,100.0
219,Cast,AI Core,27,32.8,0.01,1.214,1.54,100.0
22,TransData,AI Core,1,10.93,10.93,10.93,10.93,100.0
220,Cast,AI Core,7,10.25,0.01,1.464,1.83,100.0
221,Cast,AI Core,8,12.66,0.0,1.582,2.16,100.0
222,Cast,AI Core,4,5.64,0.82,1.41,1.64,100.0
223,Cast,AI Core,7,11.35,1.43,1.621,1.88,100.0
224,Cast,AI Core,12,13.11,0.0,1.092,1.74,100.0
225,Cast,AI Core,15,22.24,0.01,1.482,2.04,100.0
226,Cast,AI Core,38,45.51,0.0,1.197,1.58,100.0
227,Cast,AI Core,15,23.29,0.01,1.552,2.03,100.0
228,Cast,AI Core,8,10.34,0.01,1.292,1.58,100.0
229,Cast,AI Core,7,13.33,1.38,1.904,2.26,100.0
23,Cast,AI Core,7,19.37,0.89,2.767,7.87,100.0
230,Cast,AI Core,60,89.9,0.0,1.498,1.94,100.0
231,Cast,AI Core,152,244.83,0.0,1.61,2.23,100.0
232,Cast,AI Core,92,118.22,0.0,1.285,1.73,100.0
233,Cast,AI Core,27,79.35,0.01,2.938,3.87,100.0
234,Cast,AI Core,7,26.53,1.08,3.79,4.34,100.0
235,Cast,AI Core,76,108.77,0.0,1.431,1.93,100.0
236,Cast,AI Core,190,444.75,0.0,2.34,3.04,100.0
237,Cast,AI Core,15,25.35,0.01,1.69,2.24,100.0
238,Cast,AI Core,99,139.2,0.0,1.406,1.83,100.0
239,Cast,AI Core,8,28.6,0.01,3.575,4.92,100.0
24,Cast,AI Core,45,720.76,0.0,16.016,499.45,100.0
240,Cast,AI Core,27,89.57,0.01,3.317,4.29,100.0
241,Cast,AI Core,8,28.42,1.52,3.552,4.57,100.0
242,Cast,AI Core,76,136.4,0.0,1.794,2.34,100.0
243,Cast,AI Core,190,701.54,0.01,3.692,4.97,100.0
244,Cast,AI Core,15,35.56,0.01,2.37,3.07,100.0
245,Cast,AI Core,99,146.02,0.0,1.474,2.07,100.0
246,Cast,AI Core,8,24.43,0.01,3.053,4.3,100.0
247,Cast,AI Core,19,72.45,0.01,3.813,8.16,100.0
248,Cast,AI Core,3,28.67,8.03,9.556,12.11,100.0
249,Cast,AI Core,4,6.74,1.42,1.685,1.86,100.0
25,Cast,AI Core,13,459.1,1.44,35.315,360.35,100.0
250,PtMuls,AI Core,6,102.66,1.24,17.11,92.57,100.0
251,OnesLike,AI Core,3,6.79,1.31,2.263,4.1,100.0
252,NLLLossGrad,AI Core,3,15.83,0.93,5.276,7.48,100.0
253,LogSoftmaxGrad,AI Core,3,132.46,7.88,44.153,116.51,100.0
254,Cast,AI Core,3,139.91,5.06,46.636,128.8,100.0
255,MatMul,AI Core,3,151.64,17.82,50.546,115.91,91.14624
255,TransData,AI Core,3,14.73,1.55,4.91,6.89,8.85376
256,MatMul,AI Core,3,37.18,8.64,12.393,14.44,60.692132
256,TransData,AI Core,6,24.08,0.97,4.013,7.03,39.307868
257,ReduceSumD,AI Core,3,24.3,4.57,8.1,10.15,100.0
258,DropOutDoMask,AI Core,3,14.31,3.91,4.77,5.21,100.0
259,TransData,AI Core,3,927.2,4.5,309.066,917.83,100.0
26,Cast,AI Core,55,354.68,0.0,6.448,126.66,100.0
260,TransData,AI Core,3,925.92,4.56,308.64,916.56,69.557379
260,AvgPoolV2GradD,AI Core,3,405.24,1.43,135.08,202.24,30.442621
261,ReluGrad,AI Core,12,792.14,0.01,66.011,96.4,100.0
262,SliceD,AI Core,8,86.34,0.95,10.792,21.05,100.0
263,BNTrainingUpdateGrad,AI Core,134,2561.3,0.0,19.114,119.94,92.994463
263,AtomicAddrClean,AI Core,146,192.95,0.0,1.321,4.11,7.005537
264,BNTrainingReduceGrad,AI Core,146,4672.76,0.0,32.005,97.21,100.0
265,Conv2DBackpropInputD,AI Core,131,1941.26,0.0,14.818,19.73,100.0
266,Conv2DBackpropFilterD,AI Core,131,1786.65,0.0,13.638,21.58,88.766613
266,AtomicAddrClean,AI Core,145,226.1,0.0,1.559,4.12,11.233387
267,TransposeD,AI Core,77,41474.44,0.0,538.629,28764.37,95.58199
267,DepthwiseConv2DBackpropInputD,AI Core,77,1670.84,0.0,21.699,33.98,3.850618
267,TransData,AI Core,67,246.2,0.01,3.674,4.78,0.567392
268,DepthwiseConv2DBackpropFilterD,AI Core,62,3987.71,0.01,64.317,83.25,68.807599
268,TransData,AI Core,62,777.36,0.01,12.538,460.05,13.413281
268,Cast,AI Core,71,758.77,0.0,10.686,462.39,13.092512
268,TransposeD,AI Core,71,271.61,0.0,3.825,92.09,4.686608
269,ReluGrad,AI Core,111,1826.47,0.0,16.454,342.88,100.0
27,Cast,AI Core,10,157.55,1.04,15.755,83.06,100.0
270,StrideAdd,AI Core,9,91.28,0.01,10.142,16.22,100.0
271,SliceD,AI Core,17,1537.74,0.01,90.455,919.59,100.0
272,AvgPoolV2GradD,AI Core,27,2579.93,0.01,95.552,130.63,100.0
273,StrideAdd,AI Core,8,860.91,1.4,107.613,770.99,100.0
274,StrideAdd,AI Core,8,94.72,0.83,11.84,17.43,100.0
275,SliceD,AI Core,9,743.99,0.0,82.665,687.48,100.0
276,SliceD,AI Core,15,187.85,1.41,12.523,17.81,100.0
277,DepthwiseConv2DBackpropInputD,AI Core,51,3033.87,0.01,59.487,84.85,78.283116
277,TransposeD,AI Core,52,623.75,0.0,11.995,17.79,16.094656
277,TransData,AI Core,48,217.89,0.01,4.539,5.79,5.622228
278,DepthwiseConv2DBackpropFilterD,AI Core,44,4306.08,0.0,97.865,126.68,74.679375
278,TransposeD,AI Core,49,1000.87,0.0,20.425,31.16,17.357863
278,TransData,AI Core,45,322.39,0.01,7.164,9.41,5.591137
278,Cast,AI Core,49,136.75,0.0,2.79,3.98,2.371624
279,SliceD,AI Core,15,169.85,1.4,11.323,16.59,100.0
28,Cast,AI Core,8,62.46,1.43,7.807,42.97,100.0
280,Conv2DBackpropInputD,AI Core,14,1188.29,0.0,84.877,123.57,100.0
281,Conv2DBackpropFilterD,AI Core,9,454.92,0.01,50.546,78.08,95.85537
281,AtomicAddrClean,AI Core,8,19.67,1.44,2.458,2.88,4.14463
282,Add,AI Core,3,159.15,1.41,53.05,81.97,100.0
283,TransData,AI Core,5,8782.57,0.0,1756.514,2197.34,97.205119
283,Conv2DBackpropFilterD,AI Core,6,239.89,1.89,39.981,59.11,2.655093
283,AtomicAddrClean,AI Core,6,12.63,0.0,2.105,3.07,0.139788
284,TransData,AI Core,11,18170.99,0.01,1651.908,2350.63,98.446291
284,ReluGrad,AI Core,6,286.78,0.0,47.796,72.74,1.553709
285,Add,AI Core,3,194.34,2.78,64.78,96.22,100.0
286,Conv2DBackpropInputD,AI Core,6,255.5,0.01,42.583,65.68,100.0
287,Conv2DBackpropFilterD,AI Core,6,245.88,1.63,40.98,66.39,93.858075
287,AtomicAddrClean,AI Core,6,16.09,2.5,2.681,3.15,6.141925
288,ReluGrad,AI Core,6,228.94,0.01,38.156,58.5,100.0
289,SliceD,AI Core,6,56.27,0.01,9.378,16.1,100.0
29,Cast,AI Core,5,26.35,1.5,5.27,16.68,100.0
290,TransData,AI Core,17,3550.37,0.01,208.845,296.04,92.498502
290,BNTrainingUpdateGrad,AI Core,16,264.56,0.01,16.535,22.63,6.892635
290,AtomicAddrClean,AI Core,16,23.37,0.01,1.46,2.63,0.608863
291,TransData,AI Core,16,3650.27,0.01,228.141,329.61,87.469118
291,BNTrainingReduceGrad,AI Core,16,522.94,0.01,32.683,45.81,12.530882
292,TransData,AI Core,8,3183.7,1.48,397.962,541.29,97.910593
292,Add,AI Core,9,67.94,0.01,7.548,11.25,2.089407
293,SliceD,AI Core,6,61.56,2.57,10.26,16.33,100.0
294,TransData,AI Core,12,3331.95,0.0,277.662,544.05,86.378578
294,AvgPoolV2GradD,AI Core,4,525.43,130.56,131.357,132.73,13.621422
295,SliceD,AI Core,3,34.21,2.1,11.403,16.73,100.0
296,SliceD,AI Core,6,54.56,1.58,9.093,17.42,100.0
297,TransData,AI Core,2,589.39,294.64,294.695,294.75,69.341632
297,AvgPoolV2GradD,AI Core,3,260.59,0.01,86.863,131.59,30.658368
298,SliceD,AI Core,5,68.68,1.65,13.736,18.3,100.0
299,TransData,AI Core,11,1503.14,0.0,136.649,371.65,84.234535
299,DepthwiseConv2DBackpropFilterD,AI Core,6,249.96,0.01,41.66,62.51,14.00752
299,TransposeD,AI Core,5,16.21,1.88,3.242,3.63,0.908393
299,Cast,AI Core,5,15.16,2.43,3.032,3.25,0.849552
3,TransData,AI Core,44,168.35,3.63,3.826,3.99,100.0
30,Cast,AI Core,9,130.47,1.05,14.496,84.16,100.0
300,TransData,AI Core,17,5412.82,0.0,318.401,542.74,98.378598
300,ReluGrad,AI Core,8,89.21,1.63,11.151,14.66,1.621402
301,TransData,AI Core,5,759.34,0.01,151.868,370.66,70.354208
301,DepthwiseConv2DBackpropFilterD,AI Core,3,253.72,1.54,84.573,126.11,23.507611
301,TransposeD,AI Core,3,56.26,0.0,18.753,29.23,5.21259
301,Cast,AI Core,3,9.99,2.73,3.33,3.63,0.925591
302,SliceD,AI Core,6,64.1,0.0,10.683,17.09,100.0
303,Add,AI Core,3,90.63,1.5,30.21,51.57,100.0
304,TransData,AI Core,17,1361.71,0.0,80.1,370.91,96.561481
304,BNTrainingUpdateGrad,AI Core,2,43.1,21.43,21.55,21.67,3.056304
304,AtomicAddrClean,AI Core,3,5.39,1.3,1.796,2.75,0.382215
305,TransData,AI Core,19,2302.02,0.01,121.158,544.69,96.326083
305,BNTrainingReduceGrad,AI Core,3,87.8,4.18,29.266,41.99,3.673917
306,SliceD,AI Core,5,35.5,0.01,7.1,9.25,100.0
307,TransData,AI Core,6,604.51,2.77,100.751,150.03,81.037857
307,Conv2DBackpropInputD,AI Core,5,141.45,1.57,28.29,37.42,18.962143
308,TransData,AI Core,12,5009.4,0.01,417.45,1101.96,98.118869
308,Conv2DBackpropFilterD,AI Core,5,85.27,0.01,17.054,21.78,1.670179
308,AtomicAddrClean,AI Core,5,10.77,1.92,2.154,2.72,0.210951
309,TransData,AI Core,6,5752.84,0.01,958.806,1439.62,86.845414
309,AvgPoolV2GradD,AI Core,5,871.39,0.01,174.278,221.0,13.154586
31,Cast,AI Core,24,127.6,0.0,5.316,71.23,100.0
310,SliceD,AI Core,6,54.81,0.01,9.135,13.72,100.0
311,Add,AI Core,15,2159.22,0.01,143.948,217.69,100.0
312,ReluGrad,AI Core,2,491.9,245.94,245.95,245.96,100.0
313,SliceD,AI Core,6,66.36,0.01,11.06,16.32,100.0
314,MaxPoolGradWithArgmaxV1,AI Core,6,4001.38,0.01,666.896,1005.54,100.0
315,StrideAdd,AI Core,2,48.36,23.95,24.18,24.41,100.0
316,SliceD,AI Core,3,27.02,2.86,9.006,12.51,100.0
317,SliceD,AI Core,6,70.98,0.01,11.83,18.57,100.0
318,DepthwiseConv2DBackpropInputD,AI Core,6,1289.69,0.0,214.948,322.15,92.790129
318,TransposeD,AI Core,5,75.15,4.63,15.03,18.26,5.406864
318,TransData,AI Core,5,25.06,0.01,5.012,6.37,1.803007
319,DepthwiseConv2DBackpropFilterD,AI Core,6,859.69,2.04,143.281,213.92,83.300873
319,TransposeD,AI Core,6,116.05,0.01,19.341,29.89,11.244828
319,TransData,AI Core,5,35.94,0.01,7.188,9.17,3.482457
319,Cast,AI Core,5,20.35,3.07,4.07,4.42,1.971842
32,Cast,AI Core,19,447.22,0.01,23.537,213.75,100.0
320,ReluGrad,AI Core,12,478.86,2.1,39.905,59.71,100.0
321,AvgPoolV2GradD,AI Core,3,330.14,2.1,110.046,165.36,100.0
322,Add,AI Core,13,557.38,2.07,42.875,60.5,100.0
323,DepthwiseConv2DBackpropInputD,AI Core,5,481.52,4.54,96.304,119.57,77.846577
323,TransposeD,AI Core,6,101.09,0.0,16.848,25.16,16.34306
323,TransData,AI Core,6,35.94,1.74,5.99,7.44,5.810363
324,DepthwiseConv2DBackpropFilterD,AI Core,5,814.73,0.01,162.946,203.78,75.644585
324,TransposeD,AI Core,5,132.12,3.87,26.424,32.76,12.26684
324,TransData,AI Core,6,109.62,2.19,18.27,26.31,10.1778
324,Cast,AI Core,6,20.58,0.01,3.43,4.62,1.910775
325,DepthwiseConv2DBackpropInputD,AI Core,6,2001.58,0.01,333.596,501.05,93.919303
325,TransposeD,AI Core,5,98.21,2.2,19.642,24.53,4.608267
325,TransData,AI Core,5,31.38,0.01,6.276,7.88,1.472431
326,DepthwiseConv2DBackpropFilterD,AI Core,6,1446.14,2.12,241.023,360.48,84.962106
326,TransposeD,AI Core,6,131.93,0.01,21.988,33.16,7.751013
326,TransData,AI Core,5,102.8,0.01,20.56,25.83,6.039598
326,Cast,AI Core,5,21.23,4.0,4.246,4.54,1.247283
327,BNTrainingUpdateGrad,AI Core,5,289.42,2.08,57.884,73.31,96.399427
327,AtomicAddrClean,AI Core,6,10.81,0.01,1.801,4.43,3.600573
328,BNTrainingReduceGrad,AI Core,6,335.28,0.0,55.88,88.6,100.0
329,Conv2DBackpropInputD,AI Core,5,870.3,1.66,174.06,243.54,100.0
33,Cast,AI Core,72,829.8,0.0,11.525,322.15,100.0
330,TransData,AI Core,6,6165.79,0.01,1027.631,1543.24,92.427465
330,Conv2DBackpropFilterD,AI Core,6,494.38,0.0,82.396,124.33,7.410938
330,AtomicAddrClean,AI Core,5,10.78,1.54,2.156,2.4,0.161596
331,TransData,AI Core,38,41694.74,0.01,1097.23,1549.81,93.329251
331,ReluGrad,AI Core,19,2980.15,1.22,156.85,215.41,6.670749
332,SliceD,AI Core,23,473.71,0.01,20.596,32.95,100.0
333,TransData,AI Core,80,10763.61,0.0,134.545,261.52,80.964706
333,BNTrainingUpdateGrad,AI Core,78,2425.43,0.0,31.095,40.85,18.244272
333,AtomicAddrClean,AI Core,84,105.16,0.0,1.251,2.35,0.791022
334,TransData,AI Core,81,14420.27,0.0,178.028,261.62,85.100443
334,BNTrainingReduceGrad,AI Core,77,2524.73,0.0,32.788,42.96,14.899557
335,Conv2DBackpropInputD,AI Core,139,1611.19,0.0,11.591,18.49,100.0
336,Conv2DBackpropFilterD,AI Core,128,3684.44,0.0,28.784,46.08,94.886184
336,AtomicAddrClean,AI Core,136,198.57,0.0,1.46,4.46,5.113816
337,DepthwiseConv2DBackpropInputD,AI Core,72,2029.42,0.0,28.186,39.25,78.461711
337,TransposeD,AI Core,67,289.27,0.0,4.317,8.5,11.183796
337,TransData,AI Core,73,267.82,0.0,3.668,5.74,10.354493
338,DepthwiseConv2DBackpropFilterD,AI Core,58,10756.7,0.0,185.46,224.42,94.119243
338,TransData,AI Core,63,337.14,0.0,5.351,6.96,2.949916
338,TransposeD,AI Core,61,179.43,0.0,2.941,4.6,1.569981
338,Cast,AI Core,71,155.53,0.0,2.19,4.8,1.36086
339,ReluGrad,AI Core,120,2731.84,0.0,22.765,32.87,100.0
34,Cast,AI Core,20,80.78,0.0,4.039,18.81,100.0
340,BNTrainingUpdateGrad,AI Core,70,2234.25,0.0,31.917,48.05,96.179095
340,AtomicAddrClean,AI Core,73,88.76,0.0,1.215,1.68,3.820905
341,BNTrainingReduceGrad,AI Core,70,2308.55,0.0,32.979,44.87,100.0
342,TransData,AI Core,67,13677.19,0.0,204.137,257.81,92.770109
342,Add,AI Core,72,1065.91,0.0,14.804,21.92,7.229891
343,SliceD,AI Core,19,535.47,0.01,28.182,36.86,100.0
344,TransData,AI Core,32,3674.6,0.0,114.831,167.57,64.832573
344,AvgPoolV2GradD,AI Core,31,1993.23,0.01,64.297,91.37,35.167427
345,SliceD,AI Core,12,245.87,0.01,20.489,34.05,100.0
346,SliceD,AI Core,21,506.21,0.0,24.105,34.66,100.0
347,SliceD,AI Core,23,527.97,0.0,22.955,33.94,100.0
348,DepthwiseConv2DBackpropInputD,AI Core,49,5291.25,0.0,107.984,148.9,89.748069
348,TransposeD,AI Core,46,384.48,0.0,8.358,11.39,6.521396
348,TransData,AI Core,49,219.94,0.0,4.488,6.46,3.730534
349,DepthwiseConv2DBackpropFilterD,AI Core,45,15882.14,0.0,352.936,522.33,96.447002
349,TransData,AI Core,49,222.9,0.0,4.548,6.52,1.353598
349,TransposeD,AI Core,43,205.58,0.0,4.78,6.71,1.24842
349,Cast,AI Core,44,156.6,0.0,3.559,4.7,0.95098
35,Cast,AI Core,10,105.38,0.01,10.538,59.48,100.0
350,SliceD,AI Core,21,582.15,0.0,27.721,39.44,100.0
351,Conv2DBackpropInputD,AI Core,14,1261.57,0.01,90.112,130.59,100.0
352,TransData,AI Core,13,15410.49,0.0,1185.422,1547.21,95.986927
352,Conv2DBackpropFilterD,AI Core,12,618.62,1.28,51.551,62.72,3.853183
352,AtomicAddrClean,AI Core,15,25.67,0.01,1.711,2.18,0.15989
353,Conv2DBackpropInputD,AI Core,5,228.92,1.19,45.784,64.88,100.0
354,TransData,AI Core,5,4120.59,0.0,824.118,1032.36,96.45463
354,Conv2DBackpropFilterD,AI Core,5,142.28,1.25,28.456,35.62,3.330485
354,AtomicAddrClean,AI Core,6,9.18,0.01,1.53,2.03,0.214885
355,TransData,AI Core,11,7973.65,0.0,724.877,1034.57,94.301565
355,ReluGrad,AI Core,5,481.83,1.29,96.366,121.21,5.698435
356,TransData,AI Core,11,1693.23,0.0,153.93,257.99,82.37678
356,AvgPoolV2GradD,AI Core,5,362.24,1.24,72.448,90.73,17.62322
357,TransData,AI Core,10,1071.22,1.2,107.122,263.51,53.614346
357,DepthwiseConv2DBackpropFilterD,AI Core,5,895.4,0.01,179.08,223.96,44.814591
357,TransposeD,AI Core,5,17.22,0.01,3.444,4.59,0.861858
357,Cast,AI Core,6,14.17,0.01,2.361,3.39,0.709206
358,TransData,AI Core,16,3109.37,0.01,194.335,260.97,94.490484
358,ReluGrad,AI Core,8,181.3,0.01,22.662,30.26,5.509516
359,DepthwiseConv2DBackpropFilterD,AI Core,3,1128.87,1.24,376.29,574.45,67.031851
359,TransData,AI Core,6,532.89,0.01,88.815,260.49,31.642796
359,TransposeD,AI Core,3,13.71,1.24,4.57,6.38,0.814094
359,Cast,AI Core,2,8.61,4.23,4.305,4.38,0.511258
36,Cast,AI Core,13,39.92,0.01,3.07,16.34,100.0
360,Add,AI Core,3,280.46,0.01,93.486,140.65,100.0
361,TransData,AI Core,15,1100.73,0.01,73.382,262.08,92.836901
361,BNTrainingUpdateGrad,AI Core,3,80.8,0.01,26.933,40.47,6.81477
361,AtomicAddrClean,AI Core,3,4.13,1.25,1.376,1.48,0.348329
362,TransData,AI Core,19,1630.31,0.0,85.805,260.93,95.122264
362,BNTrainingReduceGrad,AI Core,2,83.6,41.69,41.8,41.91,4.877736
363,SliceD,AI Core,6,61.97,1.24,10.328,19.07,100.0
364,TransData,AI Core,5,341.91,0.01,68.382,86.06,66.563486
364,Conv2DBackpropInputD,AI Core,6,171.75,0.01,28.625,43.36,33.436514
365,TransData,AI Core,11,3436.05,0.0,312.368,773.33,97.201399
365,Conv2DBackpropFilterD,AI Core,5,90.19,0.01,18.038,22.75,2.551358
365,AtomicAddrClean,AI Core,5,8.74,1.37,1.748,1.87,0.247243
366,TransData,AI Core,5,1312.55,1.23,262.51,328.55,57.386259
366,AvgPoolV2GradD,AI Core,6,974.67,0.0,162.445,246.17,42.613741
367,SliceD,AI Core,4,69.77,16.27,17.442,18.79,100.0
368,Add,AI Core,14,4732.35,0.01,338.025,474.6,100.0
369,ReluGrad,AI Core,3,976.15,1.36,325.383,488.18,100.0
37,Cast,AI Core,70,1792.99,0.92,25.614,259.46,100.0
370,SliceD,AI Core,4,115.83,27.38,28.957,30.75,100.0
371,MaxPoolGradWithArgmaxV1,AI Core,6,3395.39,0.01,565.898,849.63,79.850571
371,TransData,AI Core,5,856.79,0.0,171.358,260.99,20.149429
372,SliceD,AI Core,2,57.43,28.3,28.715,29.13,100.0
373,SliceD,AI Core,6,126.15,0.0,21.025,33.22,100.0
374,SliceD,AI Core,5,129.43,1.33,25.886,37.2,100.0
375,DepthwiseConv2DBackpropInputD,AI Core,5,2304.94,0.0,460.988,578.93,97.135585
375,TransposeD,AI Core,6,41.84,0.01,6.973,10.64,1.763236
375,TransData,AI Core,5,26.13,1.33,5.226,6.27,1.10118
376,DepthwiseConv2DBackpropFilterD,AI Core,6,2658.54,0.01,443.09,667.61,97.522808
376,TransData,AI Core,5,28.38,0.0,5.676,7.24,1.041059
376,TransposeD,AI Core,6,24.16,0.01,4.026,5.75,0.886258
376,Cast,AI Core,5,14.99,1.33,2.998,3.55,0.549876
377,ReluGrad,AI Core,11,1155.99,0.0,105.09,148.05,100.0
378,AvgPoolV2GradD,AI Core,3,344.19,0.01,114.73,172.42,50.858502
378,TransData,AI Core,2,332.57,166.19,166.285,166.38,49.141498
379,Add,AI Core,14,1440.06,0.01,102.861,150.76,100.0
38,Cast,AI Core,316,9973.01,0.0,31.56,1546.13,100.0
380,DepthwiseConv2DBackpropInputD,AI Core,5,829.37,1.47,165.874,208.72,88.04259
380,TransposeD,AI Core,5,70.99,0.0,14.198,18.62,7.536013
380,TransData,AI Core,6,41.65,0.01,6.941,10.12,4.421397
381,DepthwiseConv2DBackpropFilterD,AI Core,5,2736.09,0.01,547.218,685.58,96.899049
381,TransData,AI Core,5,33.92,1.4,6.784,8.35,1.201282
381,TransposeD,AI Core,5,33.39,0.01,6.678,8.88,1.182512
381,Cast,AI Core,6,20.25,0.01,3.375,4.8,0.717157
382,DepthwiseConv2DBackpropInputD,AI Core,5,3907.38,1.33,781.476,977.76,97.289989
382,TransposeD,AI Core,5,73.74,0.0,14.748,18.64,1.836055
382,TransData,AI Core,6,35.1,0.01,5.85,8.66,0.873956
383,DepthwiseConv2DBackpropFilterD,AI Core,5,4452.02,0.01,890.404,1113.09,98.147507
383,TransData,AI Core,5,35.85,1.33,7.17,8.78,0.790335
383,TransposeD,AI Core,5,31.38,0.01,6.276,8.39,0.691791
383,Cast,AI Core,6,16.8,0.0,2.8,4.02,0.370366
384,BNTrainingUpdateGrad,AI Core,5,547.39,1.35,109.478,137.91,98.719544
384,AtomicAddrClean,AI Core,6,7.1,0.0,1.183,1.55,1.280456
385,BNTrainingReduceGrad,AI Core,5,687.66,1.27,137.532,177.45,100.0
386,Conv2DBackpropInputD,AI Core,5,848.0,0.01,169.6,214.03,100.0
387,TransData,AI Core,6,1323.42,0.0,220.57,332.43,59.529047
387,Conv2DBackpropFilterD,AI Core,5,890.67,0.01,178.134,224.86,40.063424
387,AtomicAddrClean,AI Core,5,9.06,1.33,1.812,2.13,0.40753
388,TransData,AI Core,41,8410.9,0.01,205.143,310.13,54.923843
388,ReluGrad,AI Core,20,6902.85,0.01,345.142,495.37,45.076157
389,SliceD,AI Core,24,883.14,1.03,36.797,58.99,100.0
39,Cast,AI Core,108,1945.94,0.0,18.017,243.97,100.0
390,BNTrainingUpdateGrad,AI Core,81,4161.97,0.0,51.382,77.72,66.775928
390,TransData,AI Core,77,1959.88,0.89,25.452,58.86,31.444918
390,AtomicAddrClean,AI Core,78,110.89,0.0,1.421,4.22,1.779153
391,BNTrainingReduceGrad,AI Core,78,4190.37,0.89,53.722,77.87,62.088754
391,TransData,AI Core,81,2558.63,0.01,31.588,51.52,37.911246
392,Conv2DBackpropInputD,AI Core,117,3619.41,0.0,30.935,50.58,100.0
393,Conv2DBackpropFilterD,AI Core,113,6090.46,0.0,53.897,80.24,97.366818
393,AtomicAddrClean,AI Core,119,164.71,0.0,1.384,4.13,2.633182
394,DepthwiseConv2DBackpropInputD,AI Core,71,2563.18,0.01,36.101,53.42,84.7991
394,TransposeD,AI Core,66,258.26,1.04,3.913,5.67,8.544158
394,TransData,AI Core,71,201.21,0.0,2.833,4.24,6.656742
395,DepthwiseConv2DBackpropFilterD,AI Core,62,31234.14,0.01,503.776,711.08,98.306878
395,TransData,AI Core,65,240.39,0.0,3.698,5.11,0.756608
395,TransposeD,AI Core,62,177.76,0.0,2.867,4.25,0.559485
395,Cast,AI Core,65,119.79,0.0,1.842,4.19,0.377029
396,ReluGrad,AI Core,110,4478.15,0.0,40.71,62.06,100.0
397,BNTrainingUpdateGrad,AI Core,57,3078.09,0.0,54.001,77.3,97.528897
397,AtomicAddrClean,AI Core,57,77.99,0.9,1.368,4.1,2.471103
398,BNTrainingReduceGrad,AI Core,56,3516.1,0.0,62.787,91.85,100.0
399,Add,AI Core,79,2770.49,0.0,35.069,67.76,60.455145
399,TransData,AI Core,78,1812.23,0.01,23.233,38.78,39.544855
4,TransData,AI Core,7,23.23,3.01,3.318,4.13,71.852768
4,AtomicAddrClean,AI Core,7,9.1,1.2,1.3,1.76,28.147232
40,Cast,AI Core,55,2110.94,0.01,38.38,1547.86,100.0
400,SliceD,AI Core,23,1003.76,0.01,43.641,66.0,100.0
401,AvgPoolV2GradD,AI Core,29,2023.15,1.03,69.763,101.55,74.758706
401,TransData,AI Core,30,683.09,0.01,22.769,36.15,25.241294
402,SliceD,AI Core,12,436.58,0.0,36.381,59.14,100.0
403,SliceD,AI Core,23,1028.67,1.03,44.724,66.68,100.0
404,SliceD,AI Core,24,814.42,0.01,33.934,51.9,100.0
405,DepthwiseConv2DBackpropInputD,AI Core,47,4104.38,0.0,87.327,128.29,90.6899
405,TransposeD,AI Core,47,234.89,0.01,4.997,7.42,5.190102
405,TransData,AI Core,46,186.46,0.01,4.053,6.17,4.119998
406,DepthwiseConv2DBackpropFilterD,AI Core,45,108210.47,0.0,2404.677,3617.11,99.574897
406,TransData,AI Core,43,193.8,0.0,4.506,6.14,0.178334
406,TransposeD,AI Core,45,152.62,0.0,3.391,5.28,0.14044
406,Cast,AI Core,44,115.55,0.89,2.626,4.26,0.106329
407,SliceD,AI Core,24,926.21,1.03,38.592,61.28,100.0
408,Conv2DBackpropInputD,AI Core,15,1701.67,1.04,113.444,171.71,100.0
409,TransData,AI Core,15,3311.94,1.03,220.796,333.88,63.466093
409,Conv2DBackpropFilterD,AI Core,15,1881.87,1.02,125.458,189.37,36.061927
409,AtomicAddrClean,AI Core,15,24.63,1.02,1.642,2.09,0.47198
41,Cast,AI Core,16,313.28,0.01,19.58,165.74,100.0
410,Conv2DBackpropInputD,AI Core,5,218.2,1.05,43.64,55.74,100.0
411,TransData,AI Core,6,472.76,0.0,78.793,118.9,64.884302
411,Conv2DBackpropFilterD,AI Core,6,246.81,1.04,41.135,61.54,33.873624
411,AtomicAddrClean,AI Core,6,9.05,1.03,1.508,1.85,1.242074
412,TransData,AI Core,11,614.9,0.0,55.9,93.25,52.461842
412,ReluGrad,AI Core,6,557.19,1.04,92.865,140.67,47.538158
413,AvgPoolV2GradD,AI Core,6,404.1,1.02,67.35,100.81,59.931481
413,TransData,AI Core,12,270.17,1.02,22.514,34.35,40.068519
414,DepthwiseConv2DBackpropFilterD,AI Core,5,2861.78,0.0,572.356,715.57,90.649004
414,TransData,AI Core,10,267.67,0.91,26.767,62.66,8.478646
414,TransposeD,AI Core,5,16.66,0.01,3.332,4.59,0.527718
414,Cast,AI Core,6,10.88,0.0,1.813,2.45,0.344632
415,TransData,AI Core,15,486.26,0.01,32.417,51.57,59.564408
415,ReluGrad,AI Core,9,330.1,0.9,36.677,54.58,40.435592
416,DepthwiseConv2DBackpropFilterD,AI Core,3,7213.62,0.01,2404.54,3609.02,97.883467
416,TransData,AI Core,5,139.44,0.91,27.888,64.34,1.892097
416,TransposeD,AI Core,2,8.9,4.23,4.45,4.67,0.120766
416,Cast,AI Core,3,7.64,1.48,2.546,3.11,0.103669
417,Add,AI Core,3,257.01,0.0,85.67,128.7,100.0
418,TransData,AI Core,17,271.79,0.0,15.987,61.38,63.093994
418,BNTrainingUpdateGrad,AI Core,2,154.56,77.23,77.28,77.33,35.879936
418,AtomicAddrClean,AI Core,3,4.42,1.34,1.473,1.64,1.02607
419,TransData,AI Core,19,344.26,0.01,18.118,64.08,69.306652
419,BNTrainingReduceGrad,AI Core,3,152.46,0.0,50.82,76.28,30.693348
42,Cast,AI Core,97,3524.61,0.0,36.336,2345.24,100.0
420,SliceD,AI Core,4,108.57,17.55,27.142,36.77,100.0
421,Conv2DBackpropInputD,AI Core,6,186.56,1.29,31.093,47.91,65.657774
421,TransData,AI Core,6,97.58,0.01,16.263,25.33,34.342226
422,TransData,AI Core,11,332.86,0.0,30.26,61.73,70.715955
422,Conv2DBackpropFilterD,AI Core,4,129.92,31.81,32.48,32.85,27.601445
422,AtomicAddrClean,AI Core,6,7.92,0.98,1.32,1.49,1.6826
423,TransData,AI Core,6,915.73,1.34,152.621,229.74,58.457816
423,AvgPoolV2GradD,AI Core,6,650.75,0.0,108.458,163.93,41.542184
424,SliceD,AI Core,5,127.46,0.8,25.492,33.28,100.0
425,Add,AI Core,5,1200.33,0.94,240.066,300.53,100.0
426,ReluGrad,AI Core,2,645.13,322.39,322.565,322.74,100.0
427,SliceD,AI Core,6,117.73,0.01,19.621,30.12,100.0
428,MaxPoolGradWithArgmaxV1,AI Core,5,3290.59,0.87,658.118,825.09,96.614688
428,TransData,AI Core,6,115.3,1.31,19.216,32.24,3.385312
429,BNTrainingUpdateGrad,AI Core,9,294.4,0.01,32.711,49.01,63.021792
429,TransData,AI Core,7,163.71,1.34,23.387,36.17,35.045168
429,AtomicAddrClean,AI Core,8,9.03,0.01,1.128,1.58,1.933039
43,Cast,AI Core,378,3492.3,0.0,9.238,253.2,100.0
430,BNTrainingReduceGrad,AI Core,9,303.59,0.01,33.732,50.36,64.736865
430,TransData,AI Core,8,165.37,0.01,20.671,28.01,35.263135
431,Conv2DBackpropInputD,AI Core,25,819.21,0.01,32.768,44.37,100.0
432,Conv2DBackpropFilterD,AI Core,26,987.11,0.01,37.965,52.65,96.831501
432,AtomicAddrClean,AI Core,29,32.3,0.0,1.113,1.53,3.168499
433,DepthwiseConv2DBackpropInputD,AI Core,6,138.1,0.01,23.016,35.01,79.158546
433,TransposeD,AI Core,6,18.43,0.01,3.071,4.39,10.564026
433,TransData,AI Core,5,17.93,2.09,3.586,4.72,10.277427
434,DepthwiseConv2DBackpropFilterD,AI Core,5,2823.53,1.69,564.706,707.27,98.405523
434,TransData,AI Core,6,22.63,1.02,3.771,5.21,0.7887
434,TransposeD,AI Core,4,13.27,3.15,3.317,3.67,0.462485
434,Cast,AI Core,6,9.85,0.01,1.641,2.16,0.343292
435,ReluGrad,AI Core,18,497.48,0.0,27.637,43.5,100.0
436,BNTrainingUpdateGrad,AI Core,17,692.92,0.01,40.76,51.51,96.807634
436,AtomicAddrClean,AI Core,20,22.85,0.0,1.142,1.55,3.192366
437,BNTrainingReduceGrad,AI Core,17,752.0,0.9,44.235,58.74,100.0
438,SliceD,AI Core,3,58.14,1.63,19.38,28.59,100.0
439,SliceD,AI Core,4,111.55,24.29,27.887,33.27,100.0
44,Cast,AI Core,18,371.0,0.72,20.611,204.39,100.0
440,Add,AI Core,3,35.65,0.01,11.883,18.88,100.0
441,AvgPoolV2GradD,AI Core,3,151.76,1.38,50.586,76.74,77.408824
441,TransData,AI Core,3,44.29,0.01,14.763,23.67,22.591176
442,SliceD,AI Core,6,139.34,1.03,23.223,38.35,100.0
443,DepthwiseConv2DBackpropInputD,AI Core,4,330.17,82.29,82.542,82.8,88.846133
443,TransData,AI Core,6,23.08,1.31,3.846,5.59,6.210645
443,TransposeD,AI Core,6,18.37,0.0,3.061,5.55,4.943222
444,DepthwiseConv2DBackpropFilterD,AI Core,6,8644.29,0.01,1440.715,2338.01,99.438635
444,TransData,AI Core,4,19.08,4.69,4.77,4.89,0.219485
444,TransposeD,AI Core,6,15.12,0.0,2.52,3.92,0.173931
444,Cast,AI Core,6,14.6,1.37,2.433,2.96,0.167949
445,DepthwiseConv2DBackpropInputD,AI Core,6,1309.09,0.0,218.181,329.13,96.960293
445,TransposeD,AI Core,6,21.34,0.87,3.556,5.35,1.580589
445,TransData,AI Core,4,19.7,4.79,4.925,5.01,1.459119
446,DepthwiseConv2DBackpropFilterD,AI Core,2,5255.27,2621.73,2627.635,2633.54,94.698422
446,TransData,AI Core,6,280.64,1.26,46.773,134.35,5.05705
446,TransposeD,AI Core,2,8.0,3.99,4.0,4.01,0.144158
446,Cast,AI Core,3,5.57,0.0,1.856,2.86,0.10037
447,ReluGrad,AI Core,9,1236.8,1.27,137.422,206.48,52.979906
447,TransData,AI Core,17,1097.67,0.0,64.568,121.91,47.020094
448,AvgPoolV2GradD,AI Core,3,388.75,0.01,129.583,195.48,88.944563
448,TransData,AI Core,2,48.32,24.08,24.16,24.24,11.055437
449,Add,AI Core,8,1305.31,0.01,163.163,227.73,100.0
45,Cast,AI Core,123,4508.33,0.0,36.653,2194.57,100.0
450,DepthwiseConv2DBackpropInputD,AI Core,4,629.74,157.27,157.435,157.59,92.176408
450,TransposeD,AI Core,6,30.79,0.01,5.131,8.14,4.506799
450,TransData,AI Core,6,22.66,0.88,3.776,5.22,3.316793
451,DepthwiseConv2DBackpropFilterD,AI Core,6,17599.15,0.01,2933.191,4402.75,99.671465
451,TransData,AI Core,4,25.33,6.19,6.332,6.51,0.143455
451,TransposeD,AI Core,6,16.34,0.01,2.723,4.18,0.09254
451,Cast,AI Core,6,16.34,1.31,2.723,3.55,0.09254
452,DepthwiseConv2DBackpropInputD,AI Core,6,4096.48,0.01,682.746,1026.07,98.78844
452,TransposeD,AI Core,5,31.58,0.93,6.316,7.87,0.761566
452,TransData,AI Core,5,18.66,0.0,3.732,4.74,0.449994
453,DepthwiseConv2DBackpropFilterD,AI Core,4,25179.24,6294.32,6294.81,6295.18,97.704837
453,TransData,AI Core,12,561.19,0.8,46.765,133.36,2.177626
453,TransposeD,AI Core,4,15.54,3.66,3.885,4.35,0.060301
453,Cast,AI Core,6,14.75,0.0,2.458,3.74,0.057235
454,Add,AI Core,5,503.46,0.0,100.692,131.93,100.0
455,DepthwiseConv2DBackpropFilterD,AI Core,3,5321.22,1.31,1773.74,2664.68,99.525492
455,TransData,AI Core,3,9.71,0.01,3.236,4.89,0.181611
455,TransposeD,AI Core,3,9.6,1.31,3.2,4.29,0.179554
455,Cast,AI Core,2,6.06,2.9,3.03,3.16,0.113343
456,ReluGrad,AI Core,2,447.52,222.31,223.76,225.21,100.0
457,TransData,AI Core,17,557.31,0.01,32.782,133.86,60.502861
457,BNTrainingUpdateGrad,AI Core,2,359.37,179.56,179.685,179.81,39.014037
457,AtomicAddrClean,AI Core,3,4.45,1.31,1.483,1.57,0.483102
458,TransData,AI Core,19,687.72,0.0,36.195,131.33,61.743159
458,BNTrainingReduceGrad,AI Core,3,426.12,0.01,142.04,215.04,38.256841
459,SliceD,AI Core,5,173.46,0.92,34.692,56.43,100.0
46,Cast,AI Core,14,80.19,0.01,5.727,29.8,100.0
460,Conv2DBackpropInputD,AI Core,6,578.96,0.79,96.493,154.69,77.692937
460,TransData,AI Core,6,166.23,0.01,27.705,41.64,22.307063
461,Conv2DBackpropFilterD,AI Core,5,453.39,1.45,90.678,113.43,73.035536
461,TransData,AI Core,5,159.99,0.01,31.998,40.94,25.772415
461,AtomicAddrClean,AI Core,6,7.4,0.01,1.233,1.78,1.192049
462,AvgPoolV2GradD,AI Core,5,2272.79,0.0,454.558,569.85,100.0
463,SliceD,AI Core,5,229.18,0.01,45.836,58.19,100.0
464,Add,AI Core,13,9193.18,1.38,707.167,921.84,100.0
465,ReluGrad,AI Core,15,9165.41,0.0,611.027,918.26,100.0
466,BNTrainingUpdateGrad,AI Core,3,362.14,0.01,120.713,181.23,99.246348
466,AtomicAddrClean,AI Core,2,2.75,1.36,1.375,1.39,0.753652
467,BNTrainingReduceGrad,AI Core,3,468.51,0.0,156.17,235.01,100.0
468,Conv2DBackpropInputD,AI Core,3,369.21,1.44,123.07,185.4,100.0
469,TransData,AI Core,2,444.45,222.1,222.225,222.35,54.549137
469,Conv2DBackpropFilterD,AI Core,3,366.84,1.56,122.28,183.0,45.023749
469,AtomicAddrClean,AI Core,3,3.48,0.01,1.16,1.85,0.427114
47,Cast,AI Core,50,2714.83,0.0,54.296,2196.33,100.0
470,TransData,AI Core,5,767.65,1.51,153.53,200.69,53.159517
470,ReluGrad,AI Core,3,676.4,0.0,225.466,339.76,46.840483
471,SliceD,AI Core,6,189.87,0.0,31.645,57.73,100.0
472,MaxPoolGradWithArgmaxV1,AI Core,5,7052.56,0.01,1410.512,1766.17,97.077714
472,TransData,AI Core,5,212.3,1.45,42.46,64.71,2.922286
473,BNTrainingUpdateGrad,AI Core,9,555.18,0.01,61.686,92.61,64.722889
473,TransData,AI Core,9,291.09,0.01,32.343,64.28,33.935275
473,AtomicAddrClean,AI Core,8,11.51,1.33,1.438,1.81,1.341836
474,BNTrainingReduceGrad,AI Core,7,564.79,1.5,80.684,94.39,67.010346
474,TransData,AI Core,9,278.05,0.01,30.894,48.25,32.989654
475,Conv2DBackpropInputD,AI Core,21,1799.71,0.0,85.7,140.02,100.0
476,Conv2DBackpropFilterD,AI Core,18,1314.89,0.0,73.049,101.47,97.774423
476,AtomicAddrClean,AI Core,18,29.93,1.23,1.662,5.48,2.225577
477,DepthwiseConv2DBackpropInputD,AI Core,5,452.87,1.13,90.574,113.75,93.269488
477,TransposeD,AI Core,6,16.67,0.01,2.778,3.94,3.43322
477,TransData,AI Core,6,16.01,1.35,2.668,3.48,3.297292
478,DepthwiseConv2DBackpropFilterD,AI Core,5,17702.67,0.0,3540.534,4430.79,99.773824
478,TransData,AI Core,6,16.76,1.04,2.793,3.71,0.094461
478,TransposeD,AI Core,4,16.09,3.95,4.022,4.06,0.090685
478,Cast,AI Core,6,7.28,0.0,1.213,1.61,0.041031
479,ReluGrad,AI Core,15,996.24,0.0,66.416,85.26,100.0
48,Cast,AI Core,14,116.88,1.26,8.348,40.88,100.0
480,BNTrainingUpdateGrad,AI Core,19,1307.31,0.0,68.805,95.21,97.719424
480,AtomicAddrClean,AI Core,20,30.51,0.01,1.525,7.69,2.280576
481,BNTrainingReduceGrad,AI Core,18,1632.36,0.01,90.686,119.94,100.0
482,SliceD,AI Core,3,89.53,1.49,29.843,44.64,100.0
483,SliceD,AI Core,5,234.84,0.01,46.968,61.49,100.0
484,Add,AI Core,3,76.49,0.01,25.496,38.25,100.0
485,AvgPoolV2GradD,AI Core,3,259.55,1.07,86.516,130.28,76.266455
485,TransData,AI Core,3,80.77,1.71,26.923,39.6,23.733545
486,SliceD,AI Core,5,218.0,0.01,43.6,55.13,100.0
487,DepthwiseConv2DBackpropInputD,AI Core,5,1421.48,1.5,284.296,356.31,97.69622
487,TransData,AI Core,6,17.93,0.01,2.988,4.27,1.232302
487,TransposeD,AI Core,5,15.59,0.0,3.118,3.95,1.071478
488,DepthwiseConv2DBackpropFilterD,AI Core,6,49156.47,0.01,8192.745,12302.54,99.903971
488,TransData,AI Core,6,19.65,0.01,3.275,4.72,0.039936
488,TransposeD,AI Core,5,16.46,1.49,3.292,3.83,0.033453
488,Cast,AI Core,5,11.14,1.49,2.228,2.47,0.022641
489,Conv2DBackpropInputD,AI Core,9,878.1,0.01,97.566,166.99,100.0
49,Cast,AI Core,95,4575.39,0.0,48.162,1546.58,100.0
490,Conv2DBackpropFilterD,AI Core,9,694.56,0.0,77.173,116.41,98.492605
490,AtomicAddrClean,AI Core,7,10.63,1.38,1.518,1.78,1.507395
491,DepthwiseConv2DBackpropInputD,AI Core,3,5658.17,0.01,1886.056,2829.43,99.664975
491,TransposeD,AI Core,3,10.8,1.49,3.6,4.69,0.190235
491,TransData,AI Core,2,8.22,4.02,4.11,4.2,0.14479
492,DepthwiseConv2DBackpropFilterD,AI Core,3,58570.75,1.5,19523.583,29293.67,99.95742
492,TransData,AI Core,3,9.96,0.01,3.32,5.05,0.016998
492,TransposeD,AI Core,3,9.34,1.6,3.113,3.96,0.01594
492,Cast,AI Core,2,5.65,2.76,2.825,2.89,0.009642
493,AvgPoolV2GradD,AI Core,3,766.45,1.38,255.483,382.79,90.239595
493,TransData,AI Core,3,82.9,0.0,27.633,42.22,9.760405
494,Add,AI Core,8,2749.39,1.49,343.673,464.4,100.0
495,DepthwiseConv2DBackpropInputD,AI Core,6,2477.2,0.0,412.866,620.42,98.433613
495,TransData,AI Core,4,20.22,4.97,5.055,5.1,0.803459
495,TransposeD,AI Core,6,19.2,0.92,3.2,4.72,0.762928
496,DepthwiseConv2DBackpropFilterD,AI Core,6,96381.91,1.49,16063.651,24102.54,99.9507
496,TransposeD,AI Core,6,18.08,1.35,3.013,4.1,0.018749
496,TransData,AI Core,6,17.53,0.01,2.921,4.42,0.018179
496,Cast,AI Core,4,11.93,2.9,2.982,3.13,0.012372
497,DepthwiseConv2DBackpropInputD,AI Core,6,14866.83,1.04,2477.805,3716.53,99.645035
497,TransposeD,AI Core,6,31.6,0.01,5.266,8.64,0.211799
497,TransData,AI Core,6,21.36,1.49,3.56,4.81,0.143166
498,DepthwiseConv2DBackpropFilterD,AI Core,4,97351.41,24329.16,24337.852,24351.59,99.937862
498,TransData,AI Core,6,25.03,1.49,4.171,5.58,0.025695
498,TransposeD,AI Core,4,19.46,4.71,4.865,5.04,0.019977
498,Cast,AI Core,6,16.04,0.01,2.673,4.13,0.016466
499,DepthwiseConv2DBackpropInputD,AI Core,2,2831.05,1415.44,1415.525,1415.61,99.358794
499,TransData,AI Core,3,10.39,1.44,3.463,4.59,0.364648
499,TransposeD,AI Core,3,7.88,0.0,2.626,3.97,0.276557
5,TransData,AI Core,3,12.59,4.14,4.196,4.28,74.102413
5,AtomicAddrClean,AI Core,3,4.4,1.29,1.466,1.61,25.897587
50,Cast,AI Core,383,5131.48,0.0,13.398,402.02,100.0
500,DepthwiseConv2DBackpropFilterD,AI Core,3,57523.13,0.01,19174.376,28764.37,99.96031
500,TransData,AI Core,3,10.0,1.03,3.333,4.67,0.017377
500,TransposeD,AI Core,2,6.49,3.19,3.245,3.3,0.011278
500,Cast,AI Core,3,6.35,1.49,2.116,2.45,0.011035
501,ReluGrad,AI Core,3,922.13,0.01,307.376,462.39,100.0
502,BNTrainingUpdateGrad,AI Core,3,685.07,0.0,228.356,342.88,99.58426
502,AtomicAddrClean,AI Core,2,2.86,1.41,1.43,1.45,0.41574
503,BNTrainingReduceGrad,AI Core,3,992.7,0.01,330.9,496.65,100.0
504,Conv2DBackpropInputD,AI Core,3,916.09,1.49,305.363,458.2,100.0
505,Conv2DBackpropFilterD,AI Core,2,1534.75,763.76,767.375,770.99,99.737456
505,AtomicAddrClean,AI Core,3,4.04,1.07,1.346,1.6,0.262544
506,BNTrainingUpdateGrad,AI Core,3,1351.61,1.43,450.536,675.58,99.780007
506,AtomicAddrClean,AI Core,3,2.98,0.01,0.993,1.51,0.219993
507,BNTrainingReduceGrad,AI Core,3,1966.8,1.49,655.6,983.72,100.0
508,Conv2DBackpropFilterD,AI Core,3,2595.55,0.01,865.183,1305.09,65.240068
508,TransData,AI Core,3,1379.59,0.91,459.863,691.2,34.676483
508,AtomicAddrClean,AI Core,2,3.32,1.61,1.66,1.71,0.083449
509,PtMuls,AI Core,2,4.01,1.97,2.005,2.04,100.0
51,Cast,AI Core,20,119.81,0.01,5.99,38.35,100.0
510,PtMuls,AI Core,15,18.67,0.01,1.244,1.51,100.0
511,PtMuls,AI Core,8,10.41,0.01,1.301,1.69,100.0
512,PtMuls,AI Core,19,23.78,0.01,1.251,1.5,100.0
513,PtMuls,AI Core,4,6.84,1.66,1.71,1.8,100.0
514,PtMuls,AI Core,6,7.87,0.01,1.311,1.66,100.0
515,PtMuls,AI Core,3,5.06,1.49,1.686,1.94,100.0
516,PtMuls,AI Core,5,7.49,1.46,1.498,1.54,100.0
517,PtMuls,AI Core,8,9.02,0.01,1.127,1.73,100.0
518,PtMuls,AI Core,11,14.19,0.0,1.29,1.73,100.0
519,PtMuls,AI Core,26,32.82,0.0,1.262,1.56,100.0
52,Cast,AI Core,125,7431.08,0.0,59.448,1547.28,100.0
520,PtMuls,AI Core,10,15.55,1.43,1.555,1.7,100.0
521,PtMuls,AI Core,5,7.64,1.37,1.528,1.7,100.0
522,PtMuls,AI Core,5,8.01,1.5,1.602,1.68,100.0
523,PtMuls,AI Core,42,62.94,0.0,1.498,2.1,100.0
524,PtMuls,AI Core,104,134.14,0.0,1.289,1.6,100.0
525,PtMuls,AI Core,62,83.88,0.0,1.352,1.73,100.0
526,PtMuls,AI Core,19,41.23,0.0,2.17,2.8,100.0
527,PtMuls,AI Core,5,10.98,1.49,2.196,2.57,100.0
528,PtMuls,AI Core,51,94.05,0.0,1.844,2.26,100.0
529,PtMuls,AI Core,130,283.12,0.0,2.177,2.9,100.0
53,Cast,AI Core,14,368.06,0.0,26.29,196.5,100.0
530,PtMuls,AI Core,10,23.14,0.01,2.314,2.87,100.0
531,PtMuls,AI Core,69,93.02,0.0,1.348,1.71,100.0
532,PtMuls,AI Core,5,13.87,1.46,2.774,3.17,100.0
533,PtMuls,AI Core,19,58.22,0.01,3.064,4.14,100.0
534,PtMuls,AI Core,6,27.03,1.25,4.505,11.16,100.0
535,PtMuls,AI Core,52,117.48,0.0,2.259,3.01,100.0
536,PtMuls,AI Core,130,252.79,0.0,1.944,9.55,100.0
537,PtMuls,AI Core,10,28.06,0.01,2.806,3.62,100.0
538,PtMuls,AI Core,69,98.05,0.0,1.421,1.81,100.0
539,PtMuls,AI Core,5,18.46,1.39,3.692,4.61,100.0
54,Cast,AI Core,37,465.16,1.03,12.571,167.21,100.0
540,PtMuls,AI Core,13,53.51,0.0,4.116,5.74,100.0
541,PtMuls,AI Core,2,17.56,8.5,8.78,9.06,100.0
542,PtMuls,AI Core,3,3.37,0.0,1.123,1.7,100.0
543,PtMuls,AI Core,14,145.48,0.0,10.391,93.45,100.0
544,PtMuls,AI Core,146,817.61,0.0,5.6,236.07,100.0
545,PtMuls,AI Core,131,509.41,0.01,3.888,123.57,100.0
546,PtMuls,AI Core,13,25.42,0.01,1.955,8.17,100.0
547,PtMuls,AI Core,665,19079.13,0.0,28.69,3159.65,100.0
548,PtMuls,AI Core,13,32.01,0.01,2.462,15.81,100.0
549,PtMuls,AI Core,953,42232.17,0.0,44.314,6295.08,100.0
55,Cast,AI Core,4,34.4,0.86,8.6,14.58,100.0
550,PtMuls,AI Core,17,62.54,0.0,3.678,21.49,100.0
551,PtMuls,AI Core,816,42035.64,0.0,51.514,4419.38,100.0
552,PtMuls,AI Core,13,128.84,0.01,9.91,58.68,100.0
553,ZerosLike,AI Core,3,34.12,1.85,11.373,20.51,100.0
554,ZerosLike,AI Core,14,118.96,0.0,8.497,31.6,100.0
555,ZerosLike,AI Core,8,21.33,0.01,2.666,11.19,100.0
556,ZerosLike,AI Core,19,819.92,0.01,43.153,670.83,100.0
557,ZerosLike,AI Core,5,72.83,1.3,14.566,29.84,100.0
558,ZerosLike,AI Core,6,75.78,0.01,12.63,47.74,100.0
559,ZerosLike,AI Core,2,2.39,1.07,1.195,1.32,100.0
56,Cast,AI Core,5,5.94,0.01,1.188,1.9,100.0
560,ZerosLike,AI Core,5,23.38,0.01,4.676,20.76,100.0
561,ZerosLike,AI Core,8,1490.57,0.01,186.321,1352.28,100.0
562,ZerosLike,AI Core,11,333.45,0.01,30.313,258.15,100.0
563,ZerosLike,AI Core,26,1032.63,0.0,39.716,261.21,100.0
564,ZerosLike,AI Core,10,722.83,0.01,72.283,673.02,100.0
565,ZerosLike,AI Core,6,532.39,0.0,88.731,259.61,100.0
566,ZerosLike,AI Core,6,192.56,1.66,32.093,159.86,100.0
567,ZerosLike,AI Core,44,488.38,0.0,11.099,190.6,100.0
568,ZerosLike,AI Core,102,2907.36,0.0,28.503,1375.91,100.0
569,ZerosLike,AI Core,62,655.81,0.0,10.577,191.53,100.0
57,Cast,AI Core,4,637.79,0.0,159.447,322.54,100.0
570,ZerosLike,AI Core,18,773.23,0.01,42.957,661.2,100.0
571,ZerosLike,AI Core,6,63.43,0.0,10.571,28.74,100.0
572,ZerosLike,AI Core,53,590.85,0.0,11.148,260.48,100.0
573,ZerosLike,AI Core,130,5551.89,0.0,42.706,1385.63,100.0
574,ZerosLike,AI Core,10,697.15,0.0,69.715,655.33,100.0
575,ZerosLike,AI Core,67,3259.07,0.0,48.642,1373.74,100.0
576,ZerosLike,AI Core,6,9.5,0.0,1.583,3.72,100.0
577,ZerosLike,AI Core,18,234.2,0.0,13.011,190.79,100.0
578,ZerosLike,AI Core,4,25.73,0.01,6.432,18.37,100.0
579,ZerosLike,AI Core,53,775.57,0.0,14.633,261.08,100.0
58,Conv2D,AI Core,4,2155.78,1.25,538.945,967.6,60.51618
58,TransData,AI Core,4,1406.54,0.0,351.635,685.07,39.48382
580,ZerosLike,AI Core,130,4758.62,0.0,36.604,666.48,100.0
581,ZerosLike,AI Core,11,81.89,0.0,7.444,28.67,100.0
582,ZerosLike,AI Core,66,2122.16,0.0,32.153,1381.11,100.0
583,ZerosLike,AI Core,6,23.36,1.04,3.893,10.79,100.0
584,ZerosLike,AI Core,15,749.14,0.01,49.942,649.63,100.0
585,ZerosLike,AI Core,2,6.08,1.5,3.04,4.58,100.0
586,ZerosLike,AI Core,3,44.81,1.42,14.936,40.69,100.0
587,ZerosLike,AI Core,6,1513.3,0.01,252.216,1346.47,100.0
588,ZerosLike,AI Core,57,585.52,0.0,10.272,173.74,100.0
589,ZerosLike,AI Core,57,593.25,0.0,10.407,172.22,100.0
59,PtAdd,AI Core,608,39973.13,0.0,65.745,6294.66,100.0
590,ZerosLike,AI Core,5,53.52,1.21,10.704,38.53,100.0
591,ZerosLike,AI Core,248,6784.6,0.0,27.357,1387.82,100.0
592,ZerosLike,AI Core,4,41.02,0.01,10.255,38.51,100.0
593,ZerosLike,AI Core,307,8974.93,0.0,29.234,1534.91,100.0
594,ZerosLike,AI Core,6,145.66,0.01,24.276,71.14,100.0
595,ZerosLike,AI Core,309,9253.45,0.0,29.946,1749.59,100.0
596,ZerosLike,AI Core,5,14.24,1.05,2.848,8.11,100.0
597,AxpyV2,AI Core,15,89.97,1.2,5.998,26.98,100.0
598,AxpyV2,AI Core,153,1789.65,0.0,11.697,234.66,100.0
599,AxpyV2,AI Core,175,1236.9,0.0,7.068,126.16,100.0
6,TransData,AI Core,48,209.42,3.99,4.362,4.94,100.0
60,BNTrainingReduce,AI Core,4,845.47,1.47,211.367,408.88,95.800709
60,AtomicAddrClean,AI Core,4,37.06,1.2,9.265,32.67,4.199291
600,TransData,AI Core,5,15.81,0.0,3.162,7.87,55.376532
600,AxpyV2,AI Core,5,12.74,0.01,2.548,4.8,44.623468
601,AxpyV2,AI Core,5,5.43,0.01,1.086,1.63,100.0
602,AxpyV2,AI Core,5,62.01,0.0,12.402,42.32,83.101045
602,TransData,AI Core,5,12.61,0.0,2.522,4.97,16.898955
603,AxpyV2,AI Core,964,50065.05,0.0,51.934,3136.2,100.0
604,AxpyV2,AI Core,5,61.93,0.0,12.386,42.89,81.401157
604,TransData,AI Core,5,14.15,0.01,2.83,9.89,18.598843
605,AxpyV2,AI Core,5,9.39,0.01,1.878,4.33,100.0
606,AxpyV2,AI Core,5,26.07,0.01,5.214,17.01,59.075459
606,TransData,AI Core,5,18.06,0.01,3.612,7.69,40.924541
607,AxpyV2,AI Core,1275,79008.97,0.0,61.967,6238.25,100.0
608,AxpyV2,AI Core,8,234.9,0.01,29.362,190.91,94.572832
608,TransData,AI Core,7,13.48,0.01,1.925,5.63,5.427168
609,AxpyV2,AI Core,8,40.62,1.02,5.077,28.96,100.0
61,BNTrainingUpdate,AI Core,4,1477.46,3.87,369.365,612.21,100.0
610,AxpyV2,AI Core,8,285.66,0.0,35.707,224.14,75.322347
610,TransData,AI Core,7,93.59,0.01,13.37,38.66,24.677653
611,AxpyV2,AI Core,1318,63610.49,0.0,48.262,24340.92,100.0
612,TransData,AI Core,7,15.84,1.24,2.262,4.46,54.866644
612,AxpyV2,AI Core,7,13.03,0.01,1.861,4.49,45.133356
613,AxpyV2,AI Core,7,55.73,1.14,7.961,23.86,100.0
614,AxpyV2,AI Core,7,689.57,1.15,98.51,676.65,96.283109
614,TransData,AI Core,8,26.62,1.07,3.327,10.28,3.716891
615,Add,AI Core,5,43.81,1.31,8.762,38.3,100.0
616,Add,AI Core,87,2199.42,0.0,25.28,1749.25,56.695434
616,TransData,AI Core,194,1679.94,0.0,8.659,252.38,43.304566
617,TransData,AI Core,197,1192.77,0.0,6.054,126.75,64.324196
617,Add,AI Core,88,661.54,0.0,7.517,129.64,35.675804
618,Add,AI Core,7,12.53,0.0,1.79,6.27,100.0
619,TransData,AI Core,1116,55652.77,0.0,49.868,6238.25,84.559003
619,Add,AI Core,419,10162.54,0.0,24.254,1925.56,15.440997
62,Relu,AI Core,20,6139.32,0.0,306.966,604.6,100.0
620,Add,AI Core,5,7.91,0.0,1.582,3.66,100.0
621,TransData,AI Core,1704,92458.45,0.0,54.259,4397.8,71.12955
621,Add,AI Core,543,37527.54,0.0,69.111,6279.9,28.87045
622,Add,AI Core,8,9.79,0.01,1.223,2.16,100.0
623,Add,AI Core,508,72587.97,0.0,142.889,29293.67,100.0
624,Add,AI Core,9,1492.33,0.0,165.814,1385.14,100.0
63,Conv2D,AI Core,2,923.88,458.58,461.94,465.3,100.0
64,BNTrainingReduce,AI Core,4,445.0,1.34,111.25,207.41,82.528143
64,AtomicAddrClean,AI Core,4,94.21,1.2,23.552,90.13,17.471857
65,BNTrainingUpdate,AI Core,4,876.75,1.49,219.187,311.41,100.0
66,Relu,AI Core,4,627.48,1.33,156.87,303.31,100.0
67,DepthwiseConv2D,AI Core,4,4527.29,0.0,1131.822,2180.04,98.818273
67,TransData,AI Core,3,44.14,4.54,14.713,34.12,0.963455
67,TransposeD,AI Core,4,10.0,0.01,2.5,4.32,0.218272
68,Conv2D,AI Core,27,1751.83,0.01,64.882,116.82,100.0
69,BNTrainingReduce,AI Core,36,1200.04,0.0,33.334,56.3,59.748071
69,AtomicAddrClean,AI Core,37,808.46,0.87,21.85,254.86,40.251929
7,TransData,AI Core,10,37.55,3.34,3.755,4.43,74.637249
7,AtomicAddrClean,AI Core,10,12.76,1.16,1.276,1.84,25.362751
70,BNTrainingUpdate,AI Core,40,1748.74,0.0,43.718,259.2,100.0
71,Relu,AI Core,24,820.81,0.0,34.2,224.42,100.0
72,DepthwiseConv2D,AI Core,7,9125.64,1.46,1303.662,2157.12,94.49268
72,TransData,AI Core,8,419.7,0.01,52.462,248.21,4.345841
72,TransposeD,AI Core,7,112.17,1.39,16.024,88.76,1.16148
73,DepthwiseConv2D,AI Core,7,24985.84,0.0,3569.405,6279.9,99.577711
73,TransData,AI Core,7,66.97,3.99,9.567,38.62,0.2669
73,TransposeD,AI Core,8,38.99,1.24,4.873,8.6,0.155389
74,Conv2D,AI Core,18,857.91,0.01,47.661,121.15,100.0
75,DepthwiseConv2D,AI Core,8,12600.39,0.84,1575.048,3159.65,97.054487
75,TransposeD,AI Core,8,282.27,1.18,35.283,257.77,2.174184
75,TransData,AI Core,8,100.14,1.19,12.517,41.31,0.771328
76,Add,AI Core,20,1754.26,1.28,87.713,487.84,100.0
77,MaxPoolWithArgmaxV1,AI Core,8,4988.66,0.0,623.582,1239.08,100.0
78,AvgPool,AI Core,3,392.49,4.43,130.83,198.79,100.0
79,DepthwiseConv2D,AI Core,4,8478.77,1.33,2119.692,4234.18,99.375415
79,TransposeD,AI Core,3,41.93,4.95,13.976,31.31,0.491441
79,TransData,AI Core,4,11.36,0.0,2.84,5.7,0.133145
8,TransData,AI Core,2,9.75,4.49,4.875,5.26,77.93765
8,AtomicAddrClean,AI Core,2,2.76,1.33,1.38,1.43,22.06235
80,AvgPool,AI Core,4,189.93,1.27,47.482,104.67,100.0
81,DepthwiseConv2D,AI Core,8,7752.38,1.28,969.047,1925.95,95.990441
81,TransposeD,AI Core,7,260.33,1.32,37.19,237.42,3.223422
81,TransData,AI Core,8,63.49,0.0,7.936,41.82,0.786137
82,ConcatD,AI Core,4,654.71,7.16,163.677,223.85,51.320823
82,TransData,AI Core,16,621.01,1.07,38.813,72.65,48.679177
83,Relu,AI Core,8,821.53,0.01,102.691,216.23,100.0
84,TransData,AI Core,4,415.36,1.38,103.84,211.0,55.018942
84,Conv2D,AI Core,4,339.58,3.26,84.895,165.19,44.981058
85,BNTrainingReduce,AI Core,4,380.73,1.28,95.182,166.74,89.958179
85,AtomicAddrClean,AI Core,4,42.5,0.0,10.625,39.44,10.041821
86,BNTrainingUpdate,AI Core,4,307.73,1.36,76.932,153.08,100.0
87,AvgPool,AI Core,8,1496.27,0.01,187.033,319.49,100.0
88,TransData,AI Core,8,255.83,1.42,31.978,72.06,61.761866
88,ConcatD,AI Core,3,158.39,33.33,52.796,63.36,38.238134
89,BNTrainingReduce,AI Core,4,674.55,0.0,168.637,464.04,65.526554
89,TransData,AI Core,11,344.48,1.28,31.316,146.52,33.463179
89,AtomicAddrClean,AI Core,4,10.4,1.32,2.6,6.01,1.010268
9,TransData,AI Core,192,1327.77,6.14,6.915,8.0,100.0
90,TransData,AI Core,31,562.11,0.0,18.132,122.72,66.276396
90,BNTrainingUpdate,AI Core,3,286.02,40.71,95.34,123.35,33.723604
91,Relu,AI Core,3,343.42,29.5,114.473,157.38,100.0
92,DepthwiseConv2D,AI Core,4,2165.11,1.36,541.277,1080.47,98.536366
92,TransData,AI Core,4,21.42,1.33,5.355,10.53,0.974846
92,TransposeD,AI Core,4,10.74,0.01,2.685,5.21,0.488788
93,Conv2D,AI Core,39,1334.11,0.01,34.207,256.81,100.0
94,AtomicAddrClean,AI Core,39,1924.7,0.01,49.351,1547.21,61.754816
94,BNTrainingReduce,AI Core,38,1191.98,0.0,31.367,250.12,38.245184
95,BNTrainingUpdate,AI Core,36,1173.46,0.01,32.596,253.9,100.0
96,Relu,AI Core,21,2104.9,1.27,100.233,1538.15,100.0
97,DepthwiseConv2D,AI Core,8,339.36,0.0,42.42,83.39,77.237863
97,TransData,AI Core,6,58.18,1.41,9.696,39.88,13.241687
97,TransposeD,AI Core,8,41.83,1.24,5.228,20.13,9.52045
98,Relu,AI Core,12,833.36,0.0,69.446,223.68,100.0
99,DepthwiseConv2D,AI Core,7,5711.55,1.04,815.935,1381.13,71.149886
99,TransposeD,AI Core,8,1502.93,0.01,187.866,1431.69,18.722291
99,TransData,AI Core,15,813.01,1.27,54.2,216.36,10.127823
